{
  "prepare_queue": {
    "installed": [],
    "uninstalled": []
  },
  "config_munge": {
    "files": {
      "res/xml/config.xml": {
        "parents": {
          "/*": [
            {
              "xml": "<feature name=\"Compass\"><param name=\"android-package\" value=\"org.apache.cordova.deviceorientation.CompassListener\" /></feature>",
              "count": 1
            },
            {
              "xml": "<feature name=\"Whitelist\"><param name=\"android-package\" value=\"org.apache.cordova.whitelist.WhitelistPlugin\" /><param name=\"onload\" value=\"true\" /></feature>",
              "count": 1
            }
          ]
        }
      },
      "AndroidManifest.xml": {
        "parents": {
          "/*": [
            {
              "xml": "<uses-permission android:name=\"android.permission.ACCESS_COARSE_LOCATION\" />",
              "count": 1
            },
            {
              "xml": "<uses-permission android:name=\"android.permission.ACCESS_FINE_LOCATION\" />",
              "count": 1
            }
          ]
        }
      }
    }
  },
  "installed_plugins": {
    "cordova-plugin-device-orientation": {
      "PACKAGE_NAME": "com.example.deviceorientation"
    },
    "cordova-plugin-whitelist": {
      "PACKAGE_NAME": "com.example.deviceorientation"
    }
  },
  "dependent_plugins": {},
  "modules": [
    {
      "id": "cordova-plugin-device-orientation.CompassError",
      "file": "plugins/cordova-plugin-device-orientation/www/CompassError.js",
      "pluginId": "cordova-plugin-device-orientation",
      "clobbers": [
        "CompassError"
      ]
    },
    {
      "id": "cordova-plugin-device-orientation.CompassHeading",
      "file": "plugins/cordova-plugin-device-orientation/www/CompassHeading.js",
      "pluginId": "cordova-plugin-device-orientation",
      "clobbers": [
        "CompassHeading"
      ]
    },
    {
      "id": "cordova-plugin-device-orientation.compass",
      "file": "plugins/cordova-plugin-device-orientation/www/compass.js",
      "pluginId": "cordova-plugin-device-orientation",
      "clobbers": [
        "navigator.compass"
      ]
    }
  ],
  "plugin_metadata": {
    "cordova-plugin-device-orientation": "2.0.1",
    "cordova-plugin-whitelist": "1.3.4"
  }
}
