{
  "prepare_queue": {
    "installed": [],
    "uninstalled": []
  },
  "config_munge": {
    "files": {
      "config.xml": {
        "parents": {
          "/*": [
            {
              "xml": "<feature name=\"Camera\"><param name=\"browser-package\" value=\"Camera\" /></feature>",
              "count": 1
            }
          ]
        }
      }
    }
  },
  "installed_plugins": {
    "cordova-plugin-camera": {
      "PACKAGE_NAME": "com.example.l03handson"
    },
    "cordova-plugin-geolocation": {
      "PACKAGE_NAME": "com.example.l03handson"
    },
    "cordova-plugin-whitelist": {
      "PACKAGE_NAME": "com.example.l03handson"
    }
  },
  "dependent_plugins": {},
  "modules": [
    {
      "file": "plugins/cordova-plugin-camera/www/CameraConstants.js",
      "id": "cordova-plugin-camera.Camera",
      "pluginId": "cordova-plugin-camera",
      "clobbers": [
        "Camera"
      ]
    },
    {
      "file": "plugins/cordova-plugin-camera/www/CameraPopoverOptions.js",
      "id": "cordova-plugin-camera.CameraPopoverOptions",
      "pluginId": "cordova-plugin-camera",
      "clobbers": [
        "CameraPopoverOptions"
      ]
    },
    {
      "file": "plugins/cordova-plugin-camera/www/Camera.js",
      "id": "cordova-plugin-camera.camera",
      "pluginId": "cordova-plugin-camera",
      "clobbers": [
        "navigator.camera"
      ]
    },
    {
      "file": "plugins/cordova-plugin-camera/src/browser/CameraProxy.js",
      "id": "cordova-plugin-camera.CameraProxy",
      "pluginId": "cordova-plugin-camera",
      "runs": true
    }
  ],
  "plugin_metadata": {
    "cordova-plugin-camera": "4.1.0",
    "cordova-plugin-geolocation": "4.0.2",
    "cordova-plugin-whitelist": "1.3.4"
  }
}
